,,Nombre,Bt.LISTA 1,Bt.LISTA 2,Rubro,Artículo
,,"ACEITE COCO NEUTRO ENTRENUTS SIN TACC"" x 200""","6.010,00","5.280,00",ACEITES Y VINAGRES,"2.265,00"
,,"ACEITE COCO NEUTRO ENTRENUTS SIN TACC"" x 360 G""","9.530,00","8.390,00",ACEITES Y VINAGRES,"2.141,00"
,,"ACEITE COCO VIRGEN ENTRENUTS SIN TACC"" X 200 g""","10.320,00","9.080,00",ACEITES Y VINAGRES,"2.142,00"
,,"ACEITE COCO VIRGEN ENTRENUTS SIN TACC"" X 360 g""","17.680,00","15.290,00",ACEITES Y VINAGRES,"2.266,00"
,,"ACEITE DE HIBISCUS 30 ml SOMOS SETAS""""","13.370,00","11.750,00",SUPLEMENTOS,"2.467,00"
,,"ACEITE DE LINO X 150 cc NUTRA SEM""""","10.650,00","9.080,00",ACEITES Y VINAGRES,"2.386,00"
,,ACEITE DE OLIVA 500 PET VERDE OLIVA,"4.200,00","3.700,00",ACEITES Y VINAGRES,"2.119,00"
,,ACEITE DE OLIVA 900ML VERDE OLIVA,"6.520,00","5.140,00",ACEITES Y VINAGRES,"1.894,00"
,,ACEITE DE OLIVA 3 L VERDE OLIVA,"20.360,00","16.030,00",ACEITES Y VINAGRES,"1.908,00"
,,ACEITE DE OLIVA 5 L VERDE OLIVA,"32.360,00","25.500,00",ACEITES Y VINAGRES,"1.909,00"
,,ACEITE DE OLIVA PANNOCCHIA X 500ML,"16.980,00","13.390,00",ACEITES Y VINAGRES,"1.013,00"
,,ACEITE DE OLIVA PANNOCCHIA X1L,"27.530,00","21.700,00",ACEITES Y VINAGRES,"1.011,00"
,,ACEITE DE OLIVA PANNOCCHIA X5L,"131.190,00","103.350,00",ACEITES Y VINAGRES,"1.014,00"
,,ACEITE DE OLIVA X 500 CC LAUR,"15.530,00","12.240,00",ACEITES Y VINAGRES,"1.002,00"
,,ACEITE DE OLIVA X1 L VID. LAUR,"31.040,00","24.460,00",ACEITES Y VINAGRES,"1.012,00"
,,ACEITE DE OLIVA X 500 CC R.V.,"13.530,00","10.660,00",ACEITES Y VINAGRES,"1.009,00"
,,ACEITE DE OLIVA X 900 CC R.V.,"22.430,00","17.680,00",ACEITES Y VINAGRES,"1.010,00"
,,ACEITE DE OLIVA X 3 L R.V.,"64.940,00","51.180,00",ACEITES Y VINAGRES,"1.008,00"
,,ACEITE DE OLIVA X 5 L R.V.,"107.210,00","84.470,00",ACEITES Y VINAGRES,"1.007,00"
,,"ACEITE DE OREGANO X30CC SOMOS SETA""""","14.040,00","12.340,00",SUPLEMENTOS,"2.185,00"
,,ACEITE DE SÉSAMO X 250 ML NATRUSEM,"17.080,00","14.580,00",ACEITES Y VINAGRES,"2.378,00"
,,ACEITE PURO DE ALMENDRAS X 50 CC,"5.030,00","4.290,00",SUPLEMENTOS,"2.377,00"
,,ACEITE PURO DE ARGAN X 50CC,"9.740,00","8.310,00",SUPLEMENTOS,"2.277,00"
,,ACEITE PURO DE ARNICA X50cc,"8.160,00","6.720,00",SUPLEMENTOS,"2.493,00"
,,"ACEITE PURO DE RICINO EL NATURALISTA""""","6.220,00","5.310,00",SUPLEMENTOS,"2.352,00"
,,ACEITERO SPRAY X 100 ML,"8.000,00","6.000,00",PALADEAR HOME,"2.501,00"
,,ACEITERO SPRAY x 200 ml,"10.500,00","8.000,00",PALADEAR HOME,"2.006,00"
,,ACEITUNAS GRIEGAS X 1 KG,"16.150,00","12.720,00",ACEITUNAS,"1.024,00"
,,ACEITUNAS GRIEGAS X 1/2 KG,"11.180,00","8.810,00",ACEITUNAS,"1.025,00"
,,ACEITUNAS RELL. X 200 GR,"5.710,00","4.500,00",ACEITUNAS,"1.036,00"
,,ACEITUNAS VERDES X 1 KG Nº 00,"14.320,00","11.280,00",ACEITUNAS,"1.043,00"
,,ACEITUNAS VERDES X 1 KG Nº0,"12.830,00","10.100,00",ACEITUNAS,"1.044,00"
,,ACEITUNAS VERDES X 1 KG Nº1,"11.180,00","8.810,00",ACEITUNAS,"1.045,00"
,,ACEITUNAS VERDES X 1/2 KG Nº 00,"9.350,00","7.360,00",ACEITUNAS,"1.049,00"
,,ACEITUNAS VERDES X 1/2 KG Nº 1,"6.340,00","4.990,00",ACEITUNAS,"1.050,00"
,,"ACETO BALSAMICO 500 CC PET CRISTO DE LOS CERROS""""","3.000,00","3.000,00",ACEITES Y VINAGRES,"1.064,00"
,,ACETO BALSAMICO MILLAN X 250 cc,"10.000,00","7.940,00",ACEITES Y VINAGRES,"2.416,00"
,,"ACETO REDUCCIÓN X 500 CC RECETAS DE ENTONCES""""","10.540,00","8.300,00",ACEITES Y VINAGRES,"1.066,00"
,,ACIDO ASCÓRBICO X KG,"15.070,00","11.880,00",SUPLEMENTOS,"2.346,00"
,,ACONDICIONADOR DE ROMERO Y ALOE VERA X300 CC - EL AMAUTA,"11.000,00","8.780,00",PALADEAR HOME,"5.006,00"
,,ACONDICIONADOR SOLIDO,"7.900,00","6.240,00",PALADEAR HOME,"5.026,00"
,,ADOBO PARA PIZZA X KG.,"12.130,00","9.710,00",ESPECIAS,"1.068,00"
,,AJI MOLIDO FINO X KG.,"10.960,00","8.640,00",ESPECIAS,"1.079,00"
,,AJIES DULCES X 110 GR,"4.580,00","3.600,00",ENCURTIDOS,"1.082,00"
,,AJIES PICANTES X 110 GR,"4.590,00","3.600,00",ENCURTIDOS,"1.084,00"
,,AJO EN POLVO,"7.760,00","6.210,00",ESPECIAS,"1.085,00"
,,AJO GRANULADO X KG.,"16.900,00","13.520,00",ESPECIAS,"1.088,00"
,,"AJO NEGRO X 50 CÁPSULAS NATIER""""","20.460,00","17.830,00",SUPLEMENTOS,"2.054,00"
,,AJO NEGRO XKG,"73.920,00","59.140,00",DESHIDRATADOS,"4.463,00"
,,ALBAHACA EN HOJAS X KG,"10.540,00","8.300,00",ESPECIAS,"1.099,00"
,,ALCAPARRAS X 100 GR,"8.610,00","6.790,00",ENCURTIDOS,"1.100,00"
,,"ALFAJOR SIN AZUCAR BANDA""""","1.500,00","1.260,00",PRODUCTOS SIN TACC,"2.513,00"
,,ALFAJORES MAICENA SIN TACC X 6 unidades,"5.300,00","5.170,00",PRODUCTOS SIN TACC,"2.027,00"
,,ALMENDRA NONPAREIL X KG,"30.190,00","23.790,00",FRUTOS SECOS,"1.842,00"
,,ALMENDRA PARTIDA X KG,"28.300,00","22.300,00",FRUTOS SECOS,"4.452,00"
,,ALMENDRAS CON CHOCO xKG,"51.590,00","44.010,00","DULCES, MIEL Y CHOCOLATES","2.001,00"
,,ALMIDON DE MAIZ X KG,"2.830,00","2.260,00",HARINAS,"1.113,00"
,,ALMOHADITAS 2 SALVADO X KG.,"7.850,00","6.190,00",CEREALES,"1.114,00"
,,ALMOHADITAS CHOCOLATE X KG.,"12.640,00","9.960,00",CEREALES,"1.115,00"
,,ALMOHADITAS FRUTILLA X KG.,"11.790,00","9.280,00",CEREALES,"1.117,00"
,,ALMOHADITAS LIMON X KG.,"11.790,00","9.280,00",CEREALES,"1.118,00"
,,"ALOE VERA DIGESTIVO BEBIBLE X250 NATIER""""","14.360,00","12.510,00",SUPLEMENTOS,"2.323,00"
,,"ALOE VERA JUGO X 250 ML NATIER""""","13.010,00","11.340,00",SUPLEMENTOS,"2.044,00"
,,"ALOE VERA JUGO X 500 ML NATIER""""","16.820,00","15.740,00",SUPLEMENTOS,"2.325,00"
,,ANILLOS DE AVENA Y MIEL X KG.,"10.740,00","8.460,00",CEREALES,"1.121,00"
,,ANILLOS FRUTADOS X KG.,"9.710,00","7.630,00",CEREALES,"1.122,00"
,,ANIS EN GRANO X KG.,"14.250,00","11.220,00",ESPECIAS,"1.123,00"
,,ANIS ESTRELLADO X KG.,"72.820,00","58.270,00",ESPECIAS,"1.124,00"
,,ARANDANOS CON CHOCO xKG,"34.810,00","29.690,00","DULCES, MIEL Y CHOCOLATES","2.002,00"
,,ARANDANOS CONGELADOS X KG,"17.000,00","14.520,00",PRODUCTOS CONGELADOS,"1.126,00"
,,ARANDANOS DESHIDRATADOS X KG,"25.000,00","20.140,00",DESHIDRATADOS,"1.127,00"
,,ARROZ INTEGRAL X KG.,"3.370,00","2.700,00",GRANOS Y LEGUMBRES,"1.131,00"
,,ARROZ YAMANI X KG.,"4.620,00","3.700,00",GRANOS Y LEGUMBRES,"1.133,00"
,,"ASHWAGANDHA X 60 CAPSULAS SOMOS SETA""""","31.520,00","27.700,00",SUPLEMENTOS,"2.073,00"
,,"ASHWAGANDHA X 60 CC SOMOS SETA""""","24.420,00","21.460,00",SUPLEMENTOS,"2.411,00"
,,AVELLANAS CON CHOCO XKG,"56.230,00","47.960,00","DULCES, MIEL Y CHOCOLATES","2.010,00"
,,AVELLANAS SIN CASCARA X KG,"56.150,00","44.200,00",FRUTOS SECOS,"1.134,00"
,,AVENA ARROLLADA GRUESA X KG,"3.900,00","3.120,00",CEREALES,"1.135,00"
,,AVENA INSTANTÁNEA X KG,"3.780,00","3.030,00",CEREALES,"1.136,00"
,,AVENA TRADICIONAL X KG.,"3.780,00","3.030,00",CEREALES,"1.137,00"
,,AZAFRAN ESPAÑOL X CAPSULA.,"4.050,00","3.240,00",ESPECIAS,"1.138,00"
,,AZUCAR IMPALPABLE X KG.,"4.100,00","3.280,00","AZUCAR, CACAO Y REPOSTERIA","1.140,00"
,,AZUCAR MASCABO X KG,"9.690,00","7.750,00","AZUCAR, CACAO Y REPOSTERIA","1.141,00"
,,AZUCAR NEGRA X KG.,"4.030,00","3.170,00","AZUCAR, CACAO Y REPOSTERIA","1.142,00"
,,BANANITAS CON CHOCO,"59.316,70","50.593,70","DULCES, MIEL Y CHOCOLATES","2.455,00"
,,"BARRA CROWIE ARROZ SIN TACC""""","1.100,00","960,00",PRODUCTOS SIN TACC,"2.103,00"
,,BARRA CHOCO 70% CON STEVIA x 100 g - COLONIAL,"5.470,00","4.660,00","DULCES, MIEL Y CHOCOLATES","2.003,00"
,,BARRA CHOCO 80% X 100 g - COLONIAL,"7.260,00","6.200,00","DULCES, MIEL Y CHOCOLATES","2.268,00"
,,BARRA CHOCO SIN AZUCAR x 100 g - COLONIAL,"5.180,00","4.430,00","DULCES, MIEL Y CHOCOLATES","2.004,00"
,,BARRA MUECAS X45GR,"1.970,00","1.680,00",SNACK,"2.014,00"
,,BARRA PROTA PROTEICA 59g,"3.930,00","3.350,00",SNACK,"4.454,00"
,,"BARRA PROTEICA INTEGRA""""","3.520,00","3.000,00",SNACK,"2.506,00"
,,"BARRAS CRUDDA"" X40Gr - SIN TACC""","2.480,00","2.120,00",SNACK,"2.074,00"
,,BASTONCITO SALVADO TRIGO Y AVENA X KG.,"9.440,00","8.320,00",CEREALES,"1.147,00"
,,BERENJENAS CONDIM.X 200 GR,"5.480,00","4.410,00",ENCURTIDOS,"1.150,00"
,,BICARBONATO DE SODIO X KG,"3.680,00","2.890,00",ESPECIAS,"2.089,00"
,,BISGLICINATO DE MAGNESIO NATIER 50 cápsulas,"24.060,00","22.510,00",SUPLEMENTOS,"2.463,00"
,,BLEND DE TE X 30g,"2.000,00","1.700,00",INFUSIONES Y HIERBAS,"2.326,00"
,,BOLDO X KG,"23.310,00","18.670,00",INFUSIONES Y HIERBAS,"1.154,00"
,,BOLITAS DE CHOCOLATE X KG.,"10.870,00","8.720,00",CEREALES,"1.155,00"
,,BOMBITA DEFUMACION X 4 uni. - SAGRADA MADRE,"1.120,00","1.030,00",PALADEAR HOME,"2.328,00"
,,BOMBONES DE PISTACHO X10unidades,"14.500,00","12.500,00","AZUCAR, CACAO Y REPOSTERIA","5.017,00"
,,CACAO AMARGO DE BRASIL X KG.,"38.990,00","31.270,00","AZUCAR, CACAO Y REPOSTERIA","1.163,00"
,,CAFE BRASIL BB X 250,"21.020,00","19.040,00",INFUSIONES Y HIERBAS,"2.381,00"
,,CAFE COLOMBIA HUILA BB X250,"22.170,00","20.090,00",INFUSIONES Y HIERBAS,"2.382,00"
,,CAFE DESCAFEINADO EXOTIC COLOMBIA BB X250,"24.970,00","22.630,00",INFUSIONES Y HIERBAS,"2.383,00"
,,"CAFE VERDE X30 COMPRIMIDOS EL NATURALISTA""""","8.600,00","6.780,00",SUPLEMENTOS,"2.216,00"
,,"CALDO DE HUESO MEDICINA ANCESTRAL""""","7.520,00","7.010,00",PRODUCTOS CONGELADOS,"2.278,00"
,,"CALDO DE VERDURA SIN SAL El Naturalista"" x10sobres""","4.240,00","3.620,00",ESPECIAS,"2.154,00"
,,"CALDO DE VERDURAS CON SAL El Naturalista"" x10sobres""","3.740,00","3.200,00",ESPECIAS,"2.155,00"
,,CANELA EN RAMA X KG,"89.250,00","71.440,00",ESPECIAS,"1.167,00"
,,CANELA MOLIDA X KG.,"17.630,00","14.150,00",ESPECIAS,"1.168,00"
,,CARDAMOMO X KG.,"181.590,01","145.300,01",ESPECIAS,"1.176,00"
,,"CARDO MARIANO TINTURA MADRE X 60 CC EL NATURALISTA""""","10.290,00","8.780,00",SUPLEMENTOS,"1.110,00"
,,"CARDOMARIANO x 30 cápsulas EL NATURALISTA""""","16.580,00","13.670,00",SUPLEMENTOS,"2.080,00"
,,"CAROTENO X 10 cápsulas EL NATURALISTA""""","1.860,00","1.650,00",SUPLEMENTOS,"2.218,00"
,,"CARQUEJA TINTURA MADRE EL NATURALISTA""""","6.271,79","5.349,47",SUPLEMENTOS,"2.351,00"
,,"CASCARA SAGRADA GOTAS X 60 CC EL NATURALISTA""""","9.270,00","7.940,00",SUPLEMENTOS,"2.170,00"
,,CASCARILLA DE CACAO X KG.,"7.970,00","6.380,00","AZUCAR, CACAO Y REPOSTERIA","1.178,00"
,,CASTAÑAS CAJÚ VIETNAM X KG,"23.910,00","21.090,00",FRUTOS SECOS,"1.180,00"
,,CEBOLLA EN ESCAMAS X KG.,"13.870,00","11.150,00",ESPECIAS,"1.182,00"
,,CEDRON X KG,"42.860,00","34.300,00",INFUSIONES Y HIERBAS,"2.038,00"
,,CENTELLA ASIATICA X 50 NATIER,"19.880,00","16.950,00",SUPLEMENTOS,"2.187,00"
,,CENTELLA ASIATICA+GINKGOBILOBA+TEVERDE+HIBISCUS,"13.210,00","11.510,00",SUPLEMENTOS,"2.281,00"
,,CEPILLO DENTAL SRISRI,"3.660,00","3.130,00",PALADEAR HOME,"4.458,00"
,,"CEREZAS AL MARRASCHINO X 170 g AGROIANNI""""","6.920,00","5.560,00",LINEA GOURMET,"1.188,00"
,,"CEREZAS AL MARRASCHINO X 330 g AGROIANNI""""","9.110,00","7.320,00",LINEA GOURMET,"1.193,00"
,,CIRUELA PRESIDENTE X KG.,"19.660,00","15.770,00",DESHIDRATADOS,"1.206,00"
,,CIRUELAS D`AGEN C/CAROZO X KG,"11.410,00","9.140,00",DESHIDRATADOS,"1.207,00"
,,CIRUELAS TIERNIZADAS S/C X KG,"15.040,00","12.090,00",DESHIDRATADOS,"1.208,00"
,,CITRATO DE MAGNESIO XKG,"16.600,00","15.090,00",SUPLEMENTOS,"2.483,00"
,,"CITRATO DE MAGNESIO EL NATURALISTA""""","9.820,00","8.060,00",SUPLEMENTOS,"2.076,00"
,,"CITRATO DE POTASIO EL NATURALISTA""""","9.690,00","8.100,00",SUPLEMENTOS,"2.077,00"
,,CLAVO DE OLOR ENTERO X KG.,"54.490,00","43.590,00",ESPECIAS,"1.209,00"
,,CLORURO DE MAGNESIO X KG,"5.120,00","4.100,00",SUPLEMENTOS,"2.432,00"
,,COCO EN ESCAMAS X KG,"27.130,00","21.720,00","AZUCAR, CACAO Y REPOSTERIA","1.211,00"
,,COCO RALLADO X KG.,"15.830,00","12.730,00","AZUCAR, CACAO Y REPOSTERIA","1.212,00"
,,"COLA DE PAVO EXTRACTO 60 cc SOMOS SETAS""""","24.420,00","21.460,00",SUPLEMENTOS,"2.469,00"
,,"COLAGENO HIDROLIZADO CAPSULA X 50 CÁPSULAS NATIER""""","24.430,00","21.280,00",SUPLEMENTOS,"2.049,00"
,,"COLAGENO HIDROLIZADO X KG PEPTAN B 2000 LD""""","43.310,00","34.670,00",SUPLEMENTOS,"2.031,00"
,,"COLAGENO X 10 COMPRIMIDOS EL NATURALISTA""""","2.860,00","2.250,00",SUPLEMENTOS,"2.222,00"
,,COMINO MOLIDO X KG.,"14.570,00","11.660,00",ESPECIAS,"1.214,00"
,,CONDIMENTO PARA ARROZ X KG,"13.850,00","11.080,00",ESPECIAS,"1.219,00"
,,COPOS DE MAIZ C/AZUCAR X KG,"4.790,00","4.210,00",CEREALES,"1.228,00"
,,COPOS DE MAIZ X KG.,"4.180,00","3.420,00",CEREALES,"1.229,00"
,,CORAZON DE ALCAUCIL CONDIM X 330 GR,"11.090,00","8.910,00",ENCURTIDOS,"1.101,00"
,,CORAZONES DE ALCAUCIL X 300 GR,"8.980,00","7.210,00",ENCURTIDOS,"1.230,00"
,,CORDERO CON PIEL DEL LOBO X 750CC,"6.670,00","5.340,00",VINOS,"1.231,00"
,,"CORDYCEPS EXTRACTO 60CC SOMOS SETA""""","24.420,00","21.460,00",SUPLEMENTOS,"2.105,00"
,,"CORDYCEPS X 60 CAPSULAS SOMOS SETA""""","31.520,00","27.700,00",SUPLEMENTOS,"2.114,00"
,,CORIANDRO ENTERO X KG.,"3.000,00","2.360,00",ESPECIAS,"1.232,00"
,,CORIANDRO MOLIDO,"4.530,00","3.620,00",ESPECIAS,"1.233,00"
,,CRACKERS MEDITERRANEAS X100g,"5.720,00","4.880,00",SNACK,"5.000,00"
,,CRACKERS PIMENTON AHUMADO X100GR,"4.740,00","4.060,00",SNACK,"4.455,00"
,,CREATINA MONOHIDRATO,"22.680,00","18.200,00",SUPLEMENTOS,"2.238,00"
,,CUENCOS DE CERÁMICA,"15.000,00","13.880,00",PALADEAR HOME,"2.292,00"
,,"CURCUMA ACTIVADA CON PIMIENTA X 30 COMP. EL NATURALISTA""""","10.520,00","9.910,00",SUPLEMENTOS,"2.169,00"
,,CURCUMA MOLIDA X KG,"12.450,00","9.990,00",ESPECIAS,"1.236,00"
,,"CURCUMA, JENGIBRE Y PIMIENTA vitawellness x 30 cap","13.610,00","11.850,00",SUPLEMENTOS,"2.226,00"
,,"CURCUMA+PIMIENTA X 50 CÁPSULAS NATIER""""","25.670,00","22.350,00",SUPLEMENTOS,"2.051,00"
,,CURRY X KG,"15.780,00","12.620,00",ESPECIAS,"1.239,00"
,,CUSCUS X KG,"15.910,00","12.760,00",GRANOS Y LEGUMBRES,"1.240,00"
,,CHIMICHURRI X KG.,"13.700,00","10.960,00",ESPECIAS,"1.201,00"
,,CHIPA X480 GR - AFG,"10.000,00","9.000,00",PRODUCTOS CONGELADOS,"2.517,00"
,,CHIPS DE BANANA X KG,"17.840,00","14.330,00",DESHIDRATADOS,"1.202,00"
,,CHIPS SALADOS X80 GR - NUESTROS SABORES,"2.000,00","1.770,00",PRODUCTOS SIN TACC,"5.013,00"
,,CHOCOLATE 100% COBERTURA SEMIAMARGO x kg - COLONIAL,"75.690,00","64.560,00","AZUCAR, CACAO Y REPOSTERIA","2.159,00"
,,CHOCOLATE 80% COBERTURA SEMIAMARGO x kg - COLONIAL,"62.300,00","53.140,00","AZUCAR, CACAO Y REPOSTERIA","1.424,00"
,,CHUCRUT X 600 GR,"11.330,00","9.090,00",ENCURTIDOS,"1.204,00"
,,DATILES DE EGIPTO C/C X KG,"9.700,00","7.790,00",DESHIDRATADOS,"1.242,00"
,,DELANTAL JEAN,"40.000,00","35.000,00",PALADEAR HOME,"2.126,00"
,,DELANTAL LINO,"35.000,00","33.000,00",PALADEAR HOME,"1.003,00"
,,DESODORANTE NATURAL - EL AMAUTA,"7.820,00","6.210,00",PALADEAR HOME,"5.009,00"
,,DIENTE DE LEON XKG,"11.980,00","9.580,00",INFUSIONES Y HIERBAS,"2.072,00"
,,"DIFUSOR ILUMINARTE"" X 125 ml""","5.650,00","5.150,00",PALADEAR HOME,"2.400,00"
,,DULCE DE ALCAYOTA X 500 GR,"3.390,00","2.980,00","DULCES, MIEL Y CHOCOLATES","1.244,00"
,,"DULCE DE LECHE CON STEVIA DOÑA MAGDALENA SIN TACC""""","9.500,00","8.100,00","DULCES, MIEL Y CHOCOLATES","2.134,00"
,,"DULCE DE LECHE DE COCO VEGANO SIN TACC"" - DOÑA MAGDALENA""","9.430,00","8.300,00","DULCES, MIEL Y CHOCOLATES","2.145,00"
,,DULCE DE MEMBRILLO X 1 KG,"6.670,00","5.360,00","DULCES, MIEL Y CHOCOLATES","1.254,00"
,,DULCE DE MEMBRILLO X 500 GR,"7.060,00","5.690,00","DULCES, MIEL Y CHOCOLATES","1.253,00"
,,DULCE MEMBRILLO SIN AZUCAR ORIETA 400gr,"6.190,00","5.280,00",PRODUCTOS SIN TACC,"2.512,00"
,,"ELECTROLITOS SUMA"" - Sobre x 9 g""","2.940,00","2.580,00",SUPLEMENTOS,"2.485,00"
,,ENELDO SEMILLAS X KG,"11.390,00","9.130,00",SEMILLAS,"1.259,00"
,,"EQUINACEA TINTURA MADRE 60 cc EL NATURALISTA""""","7.010,00","5.980,00",SUPLEMENTOS,"2.402,00"
,,"ESENCIA ARTIFICIAL DE VAINILLA X 100 CC INDIAS"" ""","1.310,00","1.080,00","AZUCAR, CACAO Y REPOSTERIA","1.263,00"
,,EUCALIPTUS X KG,"16.500,00","13.230,00",INFUSIONES Y HIERBAS,"2.032,00"
,,"EXTRACTO DE VAINILLA NATURAL X 100 CC EL CASTILLO""""","13.910,00","12.930,00","AZUCAR, CACAO Y REPOSTERIA","2.257,00"
,,FECULA DE MANDIOCA X KG,"4.440,00","3.560,00",HARINAS,"1.269,00"
,,"FIDEOS DE ARROZ PARTY BECK"" X 280GR""","4.470,00","3.680,00",PRODUCTOS SIN TACC,"1.863,00"
,,"FIDEOS DE ARROZ VERDURA PARTY BECK"" X280GR""","4.950,00","4.080,00",PRODUCTOS SIN TACC,"1.685,00"
,,FINAS HIERBAS X KG.,"18.800,00","15.140,00",ESPECIAS,"1.270,00"
,,"FLEBOTONICO X30 COMPRIMIDOS EL NATURALISTA""""","8.850,00","6.970,00",SUPLEMENTOS,"2.217,00"
,,FRAMBUESAS CONGELADAS X KG,"32.300,00","27.550,00",PRODUCTOS CONGELADOS,"2.470,00"
,,FRASCO ESPECIERO VIDRIO,"7.880,00","6.720,00",PALADEAR HOME,"5.014,00"
,,FRUTA ESCURRIDA X KG,"6.430,00","5.180,00",DESHIDRATADOS,"1.271,00"
,,FRUTA MULTICOLOR X KG,"11.070,00","8.880,00",DESHIDRATADOS,"1.954,00"
,,GALLETAS CACHAFAS ORGANICAS,"3.260,00","2.790,00",SNACK,"1.895,00"
,,GALLETAS CACHAFAZ INTEGRALES,"4.120,00","3.510,00",SNACK,"2.115,00"
,,GALLETAS SIN TACC X KG,"15.500,00","14.000,00",PRODUCTOS SIN TACC,"2.280,00"
,,"GALLETAS SLIM DOS HERMANO SIN TACC""""","1.610,00","1.380,00",PRODUCTOS SIN TACC,"2.111,00"
,,GALLETITAS DELICEL (SIN TACC) x 150 g,"3.500,00","3.070,00",PRODUCTOS SIN TACC,"2.354,00"
,,GARAM MASALA XKG,"29.850,00","23.890,00",ESPECIAS,"2.101,00"
,,GARBANZOS X KG,"3.680,00","2.950,00",GRANOS Y LEGUMBRES,"2.335,00"
,,GARRAPIÑADA DE MANI X KG,"10.660,00","8.550,00","DULCES, MIEL Y CHOCOLATES","1.276,00"
,,GELATINA SIN SABOR X KG,"26.010,00","20.810,00",ESPECIAS,"1.702,00"
,,GERMEN DE TRIGO NATURAL X KG.,"3.260,00","2.610,00",HARINAS,"1.281,00"
,,"GIN DE AUTOR LODON DRY x 750 cc TIERRA SANTA"" ""","12.860,00","10.970,00",VINOS,"2.304,00"
,,"GIN DE AUTOR SABORIZADO x 500 cc TIERRA SANTA"" ""","9.240,00","8.150,00",VINOS,"2.301,00"
,,"GINKGO BILOBA FORTE X 10 COMP. EL NATURALISTA""""","2.310,00","1.970,00",SUPLEMENTOS,"2.082,00"
,,"GINSENG + MAGNESIO X 10 COMP. EL NATURALISTA""""","2.480,00","2.390,00",SUPLEMENTOS,"2.084,00"
,,"GLICINATO DE MAGNESIO EL NATURALISA""""","9.570,00","8.160,00",SUPLEMENTOS,"2.078,00"
,,GLUTEN DE TRIGO X KG,"16.520,00","13.260,00",HARINAS,"1.282,00"
,,GOMA XANTICA,"40.410,00","38.040,00","AZUCAR, CACAO Y REPOSTERIA","2.408,00"
,,GOTITAS DE CHOCO BLANCO X KG,"16.600,00","14.160,00","DULCES, MIEL Y CHOCOLATES","2.241,00"
,,GOTITAS DE CHOCO SEMIAMARGO X KG,"17.720,00","15.120,00","DULCES, MIEL Y CHOCOLATES","2.007,00"
,,GRANOLA CON CHOCO X KG,"8.930,00","7.190,00",CEREALES,"1.912,00"
,,GRANOLA CON MIEL X KG,"13.820,00","11.050,00",CEREALES,"1.290,00"
,,GRANOLA CRUNCH X 1 KG - HOMEMADE,"25.420,00","20.030,00",CEREALES,"5.022,00"
,,GRANOLA FIT-CRUNCH X 1KG - HOMEMADE,"25.300,00","19.930,00",CEREALES,"5.023,00"
,,GRANOLA MIX BERRIES X KG,"13.070,00","10.490,00",CEREALES,"1.286,00"
,,GRANOLA MIX ENERGET X KG,"13.070,00","10.490,00",CEREALES,"1.287,00"
,,GRANOLA MIX SIN PASAS X KG,"7.550,00","6.040,00",CEREALES,"1.897,00"
,,GRANOLA MIX TROPICAL X KG,"13.080,00","10.510,00",CEREALES,"1.289,00"
,,GRANOLA TRADICIONAL X KG,"7.830,00","6.270,00",CEREALES,"1.911,00"
,,HARINA DE ALMENDRAS S/ PIEL X KG,"34.710,00","27.790,00",HARINAS,"1.293,00"
,,HARINA DE ALGARROBA X KG,"8.530,00","6.840,00",HARINAS,"1.291,00"
,,HARINA DE ALMENDRAS C/PIEL,"27.530,00","23.490,00",HARINAS,"2.315,00"
,,HARINA DE ARROZ X KG,"2.940,00","2.350,00",HARINAS,"1.294,00"
,,HARINA DE AVENA X KG,"3.960,00","3.220,00",HARINAS,"1.295,00"
,,HARINA DE COCO X KG,"11.240,00","9.050,00",HARINAS,"1.298,00"
,,HARINA DE CHIA X KG.,"2.230,00","1.780,00",HARINAS,"1.297,00"
,,HARINA DE GARBANZO X KG,"3.060,00","2.520,00",HARINAS,"1.299,00"
,,HARINA DE LINO X KG,"5.090,00","4.070,00",HARINAS,"1.300,00"
,,HARINA DE MAIZ BLANCO,"4.702,50","3.762,00",HARINAS,"1.303,00"
,,HARINA INTEGRAL FINA X KG.,"2.680,00","2.140,00",HARINAS,"1.306,00"
,,HARINA SOJA DESGR FINA X KG,"4.620,00","3.700,00",HARINAS,"1.305,00"
,,HARINA TRIGO SARRACENO X KG,"10.720,00","8.590,00",HARINAS,"2.041,00"
,,HIBISCUS FLOR X KG,"24.130,00","19.350,00",INFUSIONES Y HIERBAS,"1.849,00"
,,"HIBISCUS EXTRACTO 60 cc SOMOS SETAS""""","13.370,00","11.750,00",SUPLEMENTOS,"2.466,00"
,,HIGOS EN ALMIBAR X 450 GR,"6.888,50","5.519,00",LINEA GOURMET,"1.309,00"
,,HIGOS TIERNIZADOS X KG,"17.970,00","14.440,00",DESHIDRATADOS,"1.311,00"
,,HIPÉRICO TINTURA MADRE X 60 CC,"5.950,00","5.080,00",SUPLEMENTOS,"2.370,00"
,,HONGOS SECOS X KG,"55.890,00","44.810,00",ESPECIAS,"1.314,00"
,,HUMO NATURAL X 250 ML,"5.220,00","4.180,00",LINEA GOURMET,"1.316,00"
,,INFUSOR PINZA,"2.550,00","2.190,00",PALADEAR HOME,"2.012,00"
,,JABON DE JARILLA Y GLICERINA - EL AMAUTA,"6.120,00","4.860,00",PALADEAR HOME,"5.008,00"
,,JABON LIQUIDO DE ROSA MOSQUETA - EL AMAUTA,"10.030,00","7.970,00",PALADEAR HOME,"5.007,00"
,,JAZMIN XKG,"142.950,00","126.660,00",INFUSIONES Y HIERBAS,"1.654,00"
,,JENGIBRE MOLIDO X KG.,"16.720,00","13.460,00",ESPECIAS,"1.320,00"
,,JENGIBRE EN TROZOS XKG,"59.500,00","50.750,00",INFUSIONES Y HIERBAS,"1.883,00"
,,JENGIBRE GLASEADO X KG,"26.300,00","21.060,00",DESHIDRATADOS,"1.319,00"
,,"JUGO DE ARANDANOS X 1,5 LTS.","4.360,00","3.480,00",BEBIDAS,"1.324,00"
,,JULIANA SIN PAPA X KG,"19.010,00","15.210,00",ESPECIAS,"1.333,00"
,,"KEFIR DE AGUA KE.LIVE"" SABORIZADO X 950 ML""","4.420,00","3.810,00",BEBIDAS,"2.233,00"
,,KIMCHI VERDE VIDA 360 ml,"10.200,00","8.130,00",LINEA GOURMET,"2.395,00"
,,KOMBUCHA EYWA 354 ml,"5.380,00","5.050,00",BEBIDAS,"2.459,00"
,,LA IRIDE CHAMP EXTRA BRUT X 750 cc,"7.680,00","6.050,00",VINOS,"2.447,00"
,,LAS PERDICES BRUT ROSÉ X750ml,"11.030,00","8.820,00",VINOS,"1.107,00"
,,LAS PERDICES MALBEC X 750,"10.100,00","8.110,00",VINOS,"1.704,00"
,,LAS PERDICES SAUVI BLANC X 750,"10.100,00","8.110,00",VINOS,"1.706,00"
,,LAUREL EN HOJAS X KG.,"31.650,00","25.350,00",ESPECIAS,"1.350,00"
,,LAVANDA X KG,"101.360,00","81.150,00",INFUSIONES Y HIERBAS,"2.037,00"
,,LECHE DE COCO EN POLVO X KG,"38.640,00","30.950,00",BEBIDAS,"1.727,00"
,,LENTEJA DE CHOCOLATE XKG,"29.810,00","25.430,00","DULCES, MIEL Y CHOCOLATES","2.316,00"
,,LENTEJAS TURCAS X KG,"6.510,00","5.210,00",GRANOS Y LEGUMBRES,"1.358,00"
,,LENTEJAS X KG.,"5.560,00","4.460,00",GRANOS Y LEGUMBRES,"1.359,00"
,,LEVADURA DE CERVEZA NUTRICIONAL X KG,"12.800,00","10.260,00",ESPECIAS,"1.360,00"
,,LEVADURA DE CERVEZA SABOR QUESO X200GR,"13.930,00","11.890,00",SUPLEMENTOS,"2.086,00"
,,"LEVADURA TITAN EN COPOS X200GR SIN TACC""""","21.600,00","18.430,00",SUPLEMENTOS,"1.458,00"
,,MACA EN POLVO X KG.,"25.590,00","20.480,00",ESPECIAS,"1.363,00"
,,MAGNESIO EN POLVO NATIER X150g,"29.523,62","25.714,12",SUPLEMENTOS,"2.504,00"
,,"MAGNESIO X 50 CÁPSULAS NATIER""""","24.060,00","22.510,00",SUPLEMENTOS,"2.056,00"
,,MAIZ BCO PISADO PARTIDO X KG,"4.660,00","3.730,00",GRANOS Y LEGUMBRES,"1.364,00"
,,MAIZ FRITO SALADO X KG,"17.510,00","14.060,00",FRUTOS SECOS,"1.365,00"
,,MAIZ PSINGALLO,"3.160,00","2.490,00",GRANOS Y LEGUMBRES,"1.366,00"
,,MALVA X KG,"10.260,00","8.210,00",INFUSIONES Y HIERBAS,"2.095,00"
,,MANGO EN TROZOS CONGELADOS XKG,"12.750,00","10.890,00",PRODUCTOS CONGELADOS,"2.317,00"
,,MANI C/CASCARA X KG,"6.530,00","5.220,00",FRUTOS SECOS,"1.375,00"
,,MANI C/CHOCO SEMIAMARGO XKG,"24.460,00","20.860,00","DULCES, MIEL Y CHOCOLATES","2.008,00"
,,MANI JAPONES,"9.930,00","7.960,00",FRUTOS SECOS,"1.378,00"
,,MANI SABORIZADO X KG,"6.730,00","5.390,00",FRUTOS SECOS,"1.379,00"
,,MANI TOSTADO SALADO X KG,"5.580,00","4.480,00",FRUTOS SECOS,"1.380,00"
,,MANI TOSTADO X KG.,"5.580,00","4.470,00",FRUTOS SECOS,"1.381,00"
,,"MANTECA CLARIFICADA GHEE ENTRENUTS"" X370""","19.840,00","16.920,00",MANTECAS Y PASTAS,"2.269,00"
,,MANTECA CLARIFICADA X150 GR - ENTRENUTS,"12.320,00","10.510,00",MANTECAS Y PASTAS,"5.021,00"
,,MANTELITOS ARTESANALES (POLIÉSTER),"5.950,00","5.950,00",PALADEAR HOME,"2.307,00"
,,"MANTEQUILLA DE MANI ENTRENUTS"" X 370 g""","4.610,00","3.940,00",MANTECAS Y PASTAS,"1.383,00"
,,MANTEQUILLA DE MANI PROTEICA X370 GR - ENTRENUTS,"5.880,00","5.170,00",MANTECAS Y PASTAS,"5.012,00"
,,MANZANILLA FLOR X KG,"34.410,00","27.590,00",INFUSIONES Y HIERBAS,"1.384,00"
,,"MAPLE SYRUP"" JARABE DE ARCE X250ML""","22.870,00","20.180,00","AZUCAR, CACAO Y REPOSTERIA","2.096,00"
,,MARACUYA CONGELADO X KG,"18.700,00","15.950,00",PRODUCTOS CONGELADOS,"2.186,00"
,,MARCIANO WINE MALBEC,"12.000,00","11.280,00",VINOS,"2.088,00"
,,MASTROENI CABERNET FRANC X 750 CC,"6.680,00","5.350,00",VINOS,"1.159,00"
,,MASTROENI EXTRA BRUT,"8.000,00","6.390,00",VINOS,"1.700,00"
,,MATCHA X KG,"151.050,01","133.280,00",INFUSIONES Y HIERBAS,"2.179,00"
,,"MAYONESA MAYOV"" X 270GR""","7.300,00","6.420,00",LINEA GOURMET,"2.515,00"
,,MEDALLONES DURAZ. X KG,"19.230,00","15.430,00",DESHIDRATADOS,"1.394,00"
,,"MEDALLONES VEGETARIANOS KISLEV""""","4.520,00","3.850,00",PRODUCTOS CONGELADOS,"2.057,00"
,,"MELENA DE LEON EN POLVO 30 g SOMOS SETAS""""","29.560,00","25.980,00",SUPLEMENTOS,"2.468,00"
,,"MELENA DE LEON EXTRACTO 60cc SOMOS SETA""""","24.420,00","21.460,00",SUPLEMENTOS,2380
,,"MELENA DE LEON X 60 CAPSULAS SOMOS SETA""""","31.520,00","27.700,00",SUPLEMENTOS,"2.112,00"
,,"MELENA+ REISHI X 60CC SOMOS SETA""""","24.420,00","21.460,00",SUPLEMENTOS,"2.162,00"
,,"MELENA+ASHWAGANDHA X 60CC SOMOS SETA""""","24.420,00","21.460,00",SUPLEMENTOS,"2.116,00"
,,MELISA X KG,"18.260,00","14.610,00",INFUSIONES Y HIERBAS,"2.039,00"
,,MELISA TINTURA MADRE X 60 CC,"6.120,00","5.220,00",SUPLEMENTOS,"2.371,00"
,,"MEMBRILLITOS X30Gr PIZARRO""""","980,00","870,00","DULCES, MIEL Y CHOCOLATES","2.229,00"
,,MENTA HOJAS X KG,"27.310,00","21.870,00",INFUSIONES Y HIERBAS,"2.040,00"
,,MERKEN CHILENO X KG,"17.540,00","14.960,00",ESPECIAS,"2.308,00"
,,"MERMELADA DOÑA MAGDALENA"" C/STEVIA ""SIN TACC""""","9.680,00","8.510,00","DULCES, MIEL Y CHOCOLATES","2.153,00"
,,"MERMELADA DE CITRICOS LAS DOÑAS""""","5.610,00","4.790,00","DULCES, MIEL Y CHOCOLATES","2.123,00"
,,"MERMELADA DE FRUTILLAS Y ARANDANOS LAS DOÑAS""""","7.160,00","6.110,00","DULCES, MIEL Y CHOCOLATES","2.122,00"
,,MERMELADA DE FRUTOS DEL BOSQUE X450 GR - LA CASITA DE LA ABUELI,"7.750,00","6.610,00","DULCES, MIEL Y CHOCOLATES","5.020,00"
,,MERMELADA DE MEMBRILLO X450GR - LA CASITA DE LA ABUELI,"5.400,00","4.610,00","DULCES, MIEL Y CHOCOLATES","5.018,00"
,,"MERMELADA DE PERAS AL MALBEC LAS DOÑAS""""","6.970,00","5.950,00","DULCES, MIEL Y CHOCOLATES","2.368,00"
,,"MERMELADA DE PERAS Y JENGIBRE LAS DOÑAS""""","5.620,00","4.800,00","DULCES, MIEL Y CHOCOLATES","2.124,00"
,,MERMELADA DEDURAZNO X450 GR - LA CASITA DE LA ABUELI,"5.400,00","4.610,00","DULCES, MIEL Y CHOCOLATES","5.019,00"
,,"MERMELADA FRUTOS ROJOS CON STEVIA DOÑA MAGDALENA""""","11.130,00","9.780,00","DULCES, MIEL Y CHOCOLATES","2.435,00"
,,MERMELADA MQA FRUTILLA X 310,"6.110,00","4.890,00","DULCES, MIEL Y CHOCOLATES","1.902,00"
,,MERMELADA MQA X 310,"5.100,00","4.090,00","DULCES, MIEL Y CHOCOLATES","1.901,00"
,,MERMELADA MQA ZANAHORIA/NARANJA X310GR,"6.110,00","5.370,00","DULCES, MIEL Y CHOCOLATES","1.906,00"
,,"MIEL BATIDA GOTAS DE ORO"" X250GR""","3.830,00","3.270,00","DULCES, MIEL Y CHOCOLATES","2.271,00"
,,"MIEL BATIDA GOTAS DE ORO"" X500GR""","7.350,00","6.280,00","DULCES, MIEL Y CHOCOLATES","2.171,00"
,,"MIEL DE ABEJA X 1 kg MONTE NATURAL"" - JALEA""","7.820,00","6.260,00","DULCES, MIEL Y CHOCOLATES","1.406,00"
,,"MIEL DE ABEJA X 250 g MONTE NATURAL"" - JALEA""","3.500,00","2.810,00","DULCES, MIEL Y CHOCOLATES","1.408,00"
,,"MIEL DE ABEJA X 500 g MONTE NATURAL"" - JALEA""","4.990,00","3.990,00","DULCES, MIEL Y CHOCOLATES","1.410,00"
,,"MIEL X 250 g TRES SOLES"" - JALEA""","4.600,00","3.980,00","DULCES, MIEL Y CHOCOLATES","2.287,00"
,,"MIEL X 500 g TRES SOLES"" - JALEA""","7.360,00","6.330,00","DULCES, MIEL Y CHOCOLATES","2.286,00"
,,MIX 4 PIMIENTAS,"57.850,00","46.280,00",ESPECIAS,"1.418,00"
,,MIX 7 SEMILLAS SALUD X KG,"6.230,00","5.060,00",SEMILLAS,"1.415,00"
,,MIX CERVECERO X KG,"9.460,00","7.600,00",FRUTOS SECOS,"1.416,00"
,,MIX DE SLLAS ADELGAZ X KG,"6.230,00","5.050,00",SEMILLAS,"1.421,00"
,,MIX FRUTOS ROJOS CONGELADOS X KILO,"17.850,00","15.250,00",PRODUCTOS CONGELADOS,"2.176,00"
,,MIX PATAGONICO X KG,"19.880,00","15.960,00",FRUTOS SECOS,"1.426,00"
,,MIX SALADO X KG,"14.290,00","11.520,00",FRUTOS SECOS,"1.660,00"
,,MIX SIN PASAS PREMIUM X KG,"20.530,00","16.450,00",FRUTOS SECOS,"2.228,00"
,,MIX SLLAS PARA ENSALADA X KG,"8.520,00","6.870,00",SEMILLAS,"1.422,00"
,,MIX TRADICIONAL X KG,"7.640,00","6.120,00",FRUTOS SECOS,"1.429,00"
,,MIX TROPICAL X KG.,"11.730,00","9.420,00",FRUTOS SECOS,"1.430,00"
,,MOLINILLO ACERO INOXIDABLE,"23.600,00","20.130,00",PALADEAR HOME,"2.250,00"
,,MOLINILLO CAFE MANUAL,"30.500,00","25.380,00",PALADEAR HOME,"2.011,00"
,,"MORINGA TINTURA MADRE X60cc EL NATURALISTA""""","6.640,00","5.680,00",SUPLEMENTOS,"2.276,00"
,,MOSTAZA CON MIEL ORGANICA 190gr,"7.250,00","5.710,00",LINEA GOURMET,"2.476,00"
,,MOSTAZA EN GRANOS X KG,"9.540,00","7.690,00",ESPECIAS,"1.436,00"
,,"NAD X 60 cápsulas EL NATURALISTA""""","12.810,00","10.940,00",SUPLEMENTOS,"2.333,00"
,,"NAD+RESVERATROL X 60 cápsulas EL NATURALISTA""""","22.130,00","18.870,00",SUPLEMENTOS,"2.334,00"
,,NENCIA TINTURA MADRE X 60 CC,"9.610,00","8.200,00",SUPLEMENTOS,"2.373,00"
,,NMN nicotinamida mononucleotido,"53.530,02","46.622,92",SUPLEMENTOS,"2.505,00"
,,NUECES CONFITADAS X 100 g,"6.000,00","5.700,00","DULCES, MIEL Y CHOCOLATES","1.957,00"
,,NUEZ CON CASCARA X KG,"7.800,00","6.260,00",FRUTOS SECOS,"1.446,00"
,,NUEZ CUARTILLO X KG,"17.350,00","13.670,00",FRUTOS SECOS,"1.441,00"
,,NUEZ CUARTOS X KG,"19.060,00","15.020,00",FRUTOS SECOS,"1.445,00"
,,NUEZ DE BRASIL XKG,"52.400,00","46.050,00",FRUTOS SECOS,"4.453,00"
,,NUEZ MARIPOSA EXTRA LIGHT X KG,"20.820,00","16.400,00",FRUTOS SECOS,"1.716,00"
,,NUEZ MARIPOSA LIGHT X KG,"19.950,00","15.710,00",FRUTOS SECOS,"1.450,00"
,,NUEZ MOSCADA ENTERA X KG,"56.730,00","45.420,00",ESPECIAS,"1.451,00"
,,NUEZ MOSCADA MOLIDA X KG.,"24.460,00","19.570,00",ESPECIAS,"1.452,00"
,,OMEGA 3-SYNERGY 60 cap,"26.560,00","24.850,00",SUPLEMENTOS,"2.189,00"
,,OREGANO KG.,"9.660,00","7.730,00",ESPECIAS,"1.455,00"
,,ORTIGA TINTURA MADRE X 60 CC,"6.890,00","5.880,00",SUPLEMENTOS,"2.372,00"
,,PALO SANTO X30GR,"2.000,00","1.800,00",PALADEAR HOME,"2.421,00"
,,PANKO X KG,"4.620,00","3.700,00",HARINAS,"1.670,00"
,,PASAS DE UVA C/CHOCO XKG,"31.600,00","26.970,00","DULCES, MIEL Y CHOCOLATES","2.009,00"
,,PASAS DE UVA CEREZA CON SEMILLA X KG,"2.800,00","2.260,00",DESHIDRATADOS,"2.440,00"
,,PASAS MOROCHA JUMBO X KG,"7.770,00","7.320,00",DESHIDRATADOS,"4.456,00"
,,PASAS MOROCHAS FLAME SIN SEMILLA X KG,"4.950,00","4.010,00",DESHIDRATADOS,"1.955,00"
,,PASAS RUBIA SIN SLLA X KG,"10.790,00","8.680,00",DESHIDRATADOS,"1.461,00"
,,PASIONARIA TINTURA MADRE X 6O CC,"6.890,00","5.880,00",SUPLEMENTOS,"2.374,00"
,,PASTA ACEITUNAS CONDIM. 200 g,"4.840,00","3.820,00",LINEA GOURMET,"1.462,00"
,,"PASTA ACEITUNAS NEGRAS X 200 g AGROIANNI""""","4.310,00","3.450,00",LINEA GOURMET,"1.463,00"
,,"PASTA ACEITUNAS VERDES X 200 g AGROIANNI""""","4.310,00","3.460,00",LINEA GOURMET,"1.464,00"
,,PASTA DE AJI PICANTE X 90 GR,"4.290,00","3.510,00",LINEA GOURMET,"1.465,00"
,,PASTA DE AJO X80 GR - ALCARAZ,"5.110,00","4.090,00",LINEA GOURMET,"1.468,00"
,,PASTA DENTAL X 100 - SRISRI,"8.210,00","7.010,00",PALADEAR HOME,"4.457,00"
,,PEPERINA X KG,"48.220,00","39.500,00",INFUSIONES Y HIERBAS,"2.397,00"
,,PEPINILLOS EN VIN. X 200 GR,"4.980,00","4.000,00",ENCURTIDOS,"1.483,00"
,,PEPINOS AGRID X 200 GR,"5.310,00","4.250,00",ENCURTIDOS,"1.486,00"
,,PERAS WILLIAMS X KG,"17.330,00","13.900,00",DESHIDRATADOS,"1.488,00"
,,PEREJIL EN HOJAS X KG.,"15.680,00","12.590,00",ESPECIAS,"1.489,00"
,,PERRO CALLEJERO MALBEC X 750CC,"9.790,00","7.850,00",VINOS,"1.492,00"
,,PESTO X KG,"12.990,00","10.470,00",ESPECIAS,"1.495,00"
,,PETALOS DE ROSA XKG,"114.955,50","94.054,50",INFUSIONES Y HIERBAS,"1.789,00"
,,PICKLES MIXTOS X 200 GR,"3.760,00","3.040,00",ENCURTIDOS,"1.501,00"
,,PIMENTON AHUMADO X KG,"12.660,00","10.150,00",ESPECIAS,"1.502,00"
,,PIMENTON EXTRA X KG,"12.530,00","10.060,00",ESPECIAS,"1.505,00"
,,PIMENTÓN PICANTE X KG,"12.040,00","9.640,00",ESPECIAS,"1.506,00"
,,PIMIENTA BCA EN GRANO X KG,"57.590,00","46.070,00",ESPECIAS,"1.508,00"
,,PIMIENTA BCA MOLIDA X KG,"58.450,00","46.760,00",ESPECIAS,"1.510,00"
,,PIMIENTA CAYENA MOLIDA X KG.,"13.870,00","11.100,00",ESPECIAS,"1.511,00"
,,PIMIENTA JAMAICA X KG,"50.940,00","40.770,00",ESPECIAS,"2.264,00"
,,PIMIENTA NEGRA EN GRANO X KG.,"32.300,00","25.840,00",ESPECIAS,"1.512,00"
,,PIMIENTA NEGRA MOLIDA X KG,"37.720,00","30.180,00",ESPECIAS,"1.513,00"
,,PIMIENTOS ENTEROS X 200 GR,"5.860,00","4.700,00",ENCURTIDOS,"1.517,00"
,,PIÑA CONGELADA X KG,"15.300,00","13.050,00",PRODUCTOS CONGELADOS,"1.520,00"
,,PIPAS TOSTADAS CON SAL X 50 gr,"1.500,00","1.400,00",SNACK,"5.010,00"
,,PISTACHOS CON CÁSCARA X KG,"44.180,00","38.480,00",FRUTOS SECOS,"1.522,00"
,,PISTACHOS NATURALES SIN CÁCARA X KG,"91.120,00","79.370,00",FRUTOS SECOS,"2.369,00"
,,PLATA COLOIDAL X100ML,"11.910,00","10.150,00",SUPLEMENTOS,"2.132,00"
,,POLEN X KG,"28.490,00","22.800,00",ESPECIAS,"2.092,00"
,,POLVO PARA HORNEAR X KG,"6.180,00","4.940,00","AZUCAR, CACAO Y REPOSTERIA","2.348,00"
,,POLVO PARA HORNEAR SIN TACC X50 GR - PERGOLA,"2.620,00","2.240,00",PRODUCTOS SIN TACC,"5.027,00"
,,POROTO ALUBIA KG,"4.560,00","3.650,00",GRANOS Y LEGUMBRES,"1.525,00"
,,POROTO COLORADO X KG.,"5.640,00","4.520,00",GRANOS Y LEGUMBRES,"1.526,00"
,,POROTO MANTECA X KG.,"6.930,00","5.550,00",GRANOS Y LEGUMBRES,"1.527,00"
,,POROTO MUNG X KG,"4.720,00","3.780,00",GRANOS Y LEGUMBRES,"1.528,00"
,,POROTO NEGRO X KG.,"3.890,00","3.140,00",GRANOS Y LEGUMBRES,"1.529,00"
,,POROTOS CONDIM X 200 GR,"5.100,00","4.090,00",ENCURTIDOS,"1.530,00"
,,POROTOS PALLARES X KG,"15.980,00","12.830,00",GRANOS Y LEGUMBRES,"1.533,00"
,,"POTASIO+MAGNESIO 30cap El Naturalista""""","10.029,99","8.260,00",SUPLEMENTOS,"2.211,00"
,,"PREMEZCLA BIZCOCHUELO DELICEL"" X500GR SIN TACC""","4.960,00","4.230,00",PRODUCTOS SIN TACC,"2.332,00"
,,PREMEZCLA P/PANIFI S/ TACC X 1 KG,"8.600,00","6.890,00",PRODUCTOS SIN TACC,"1.539,00"
,,"PREMEZCLA PIZZA DELICEL"" X500GR SIN TACC""","4.960,00","4.230,00",PRODUCTOS SIN TACC,"2.167,00"
,,PREMEZCLA SIN TACC UNIVERSAL PANADERIA REPOSTERÍA Y PASTAS X 500 g - DELICEL,"4.230,00","3.610,00",PRODUCTOS SIN TACC,"2.490,00"
,,PRENSA FRANCESA 600ml,"22.660,00","18.660,00",PALADEAR HOME,"2.496,00"
,,PROBIOTICOS KYIOJIN X 60 ML,"21.310,00","18.570,00",SUPLEMENTOS,"2.180,00"
,,PROPOLEO LIQ X 100ml El Naturalista,"8.080,00","6.660,00",SUPLEMENTOS,"2.221,00"
,,"PROPOLEO PLUS+CURCUMA,JENGIBRE Y TOMILLO 250ml","16.295,09","14.192,50",SUPLEMENTOS,"2.503,00"
,,"PROPOLEO SPRAY 30 cc EL NATURALISTA""""","4.690,00","4.000,00",SUPLEMENTOS,"2.401,00"
,,"PROSTASANA X 30 COMPR. EL NATURALISTA""""","9.400,00","7.350,00",SUPLEMENTOS,"1.900,00"
,,PROTEINA AISALDA DE SUERO X KG,"14.130,00","11.310,00",SUPLEMENTOS,"1.866,00"
,,PROVENZAL X KG.,"17.890,00","14.310,00",ESPECIAS,"1.545,00"
,,QUINOA INFLADA X KG.,"15.450,00","12.410,00",CEREALES,"1.549,00"
,,QUINOA X KG,"12.640,00","10.350,00",SEMILLAS,"1.551,00"
,,REBOZADOR S/GLUTEN X 500 GR,"4.710,00","3.790,00",PRODUCTOS SIN TACC,"1.553,00"
,,"REDUCTOR BLISTER X 10 COMP.EL NATURALISTA""""","2.880,00","2.400,00",SUPLEMENTOS,"2.168,00"
,,"REISHI X 60 CAPSULAS SOMOS SETA""""","31.520,00","27.140,00",SUPLEMENTOS,"2.113,00"
,,"REISHI X 60 CC SOMOS SETA""""","24.420,00","21.020,00",SUPLEMENTOS,"2.412,00"
,,"RELAX BLEND X50CAP. NATIER""""","24.060,00","22.050,00",SUPLEMENTOS,"2.295,00"
,,"RESVERATROL X 30 EL NATURALISTA""""","14.630,00","12.480,00",SUPLEMENTOS,"2.212,00"
,,"RESVERATROL X 50 CÁPSULAS NATIER""""","24.060,00","20.970,00",SUPLEMENTOS,"2.050,00"
,,"RHODIOLA ROSEA EXTRACTO X60cc SOMOS SETAS""""","24.420,00","19.240,00",SUPLEMENTOS,"2.480,00"
,,"RHODIOLA ROSEA POLVO SOMOS SETAS""""","28.545,00","25.085,00",SUPLEMENTOS,"2.472,00"
,,RODAJAS NARANJA DESHIDR X 1 KG,"42.500,00","36.250,00",DESHIDRATADOS,"1.692,00"
,,ROMERO EN HOJAS X KG.,"16.320,00","13.090,00",ESPECIAS,"1.555,00"
,,ROOIBOS XKG,"66.000,00","52.000,00",INFUSIONES Y HIERBAS,"5.024,00"
,,ROSA MOSQUETA X KG,"54.660,00","43.730,00",INFUSIONES Y HIERBAS,"2.093,00"
,,SAHUMEADOR CHICO CEMENTO,"1.630,00","1.380,00",PALADEAR HOME,"2.071,00"
,,SAHUMEADOR GRANDE COLOR,"2.620,00","2.220,00",PALADEAR HOME,"2.070,00"
,,"SAHUMERIO MOMENTOS X5 AROMANZA""""","2.500,00","2.110,00",PALADEAR HOME,"2.065,00"
,,"SAHUMERIO TIBETANO X8 AROMANZA""""","3.500,00","2.980,00",PALADEAR HOME,"2.066,00"
,,SAHUMERIOS CON PORTASAHUMERIO AROMANZA,"5.870,00","5.230,00",PALADEAR HOME,"2.329,00"
,,"SAHUMO LIMPIEZA ENERGENTICA SAGRADA MADRE""""","2.400,00","2.180,00",PALADEAR HOME,"2.064,00"
,,SAL DEL HIMALAYA FINA X 1 KG,"4.940,00","3.980,00",ESPECIAS,"1.557,00"
,,SAL DEL HIMALAYA GRUESA X KG.,"5.950,00","4.790,00",ESPECIAS,"1.558,00"
,,SAL DIETETICA NATURAL,"3.490,00","2.990,00",ESPECIAS,"2.376,00"
,,SAL MARINA FINA X 500 GR.,"3.260,00","2.620,00",ESPECIAS,"1.561,00"
,,SAL MARINA GRUESA X 500 GR,"3.250,00","2.620,00",ESPECIAS,"1.562,00"
,,SALERO/PIMENTERO,"4.030,00","3.830,00",PALADEAR HOME,"2.419,00"
,,SALSA AJI PICANTE X 180 CC,"7.170,00","5.810,00",LINEA GOURMET,"1.687,00"
,,SALSA CESAR 250 GR,"6.920,00","5.530,00",LINEA GOURMET,"1.803,00"
,,SALSA CHIMICHURRI X 250 GR,"6.910,00","5.530,00",LINEA GOURMET,"1.566,00"
,,SALSA DE SOJA X 180 CC,"5.240,00","4.240,00",LINEA GOURMET,"1.571,00"
,,SALSA INGLESA x180cc,"6.720,00","5.300,00",LINEA GOURMET,"2.502,00"
,,SALSA JALAPEÑO ROJA X 180 CC,"7.400,00","5.980,00",LINEA GOURMET,"1.573,00"
,,SALSA JALAPEÑO VERDE X 180 CC,"7.400,00","5.980,00",LINEA GOURMET,"1.683,00"
,,SALSA SOJA X 1 L,"13.730,00","11.000,00",LINEA GOURMET,"1.574,00"
,,SALSA TAHINE,"11.730,00","9.160,00",LINEA GOURMET,"2.144,00"
,,SALSA TERIYAKI X 250 CC,"6.380,00","5.150,00",LINEA GOURMET,"1.575,00"
,,SALVADO DE AVENA X KG,"3.960,00","3.200,00",HARINAS,"1.576,00"
,,SALVADO DE TRIGO GRUESO X 1 KG,"2.890,00","2.310,00",HARINAS,"1.577,00"
,,SALVIA OFICINAL,"19.000,00","14.970,00",INFUSIONES Y HIERBAS,"1.578,00"
,,"SELENIO QUELADO NATIER"" X 50 CAP""","25.020,00","23.420,00",SUPLEMENTOS,"2.320,00"
,,SEMILLA DE AMAPOLA X KG.,"20.570,00","16.500,00",SEMILLAS,"1.581,00"
,,SEMILLA DE AMARANTO X KG,"13.090,00","10.510,00",SEMILLAS,"1.582,00"
,,SEMILLA DE CHIA NAC X KG.,"7.400,00","5.970,00",SEMILLAS,"1.583,00"
,,SEMILLA DE GIRASOL X KG.,"7.300,00","5.910,00",SEMILLAS,"1.585,00"
,,SEMILLA DE LINO X KG,"4.790,00","3.930,00",SEMILLAS,"1.586,00"
,,SEMILLA DE ZAPALLO PELADO X KG.,"23.790,00","19.090,00",SEMILLAS,"1.587,00"
,,SEMILLAS HINOJO,"11.840,00","9.490,00",SEMILLAS,"2.433,00"
,,SEMOLIN DE TRIGO X KG,"3.700,00","2.960,00",HARINAS,"1.588,00"
,,SEN FOLICULOS X KG,"46.440,00","37.140,00",INFUSIONES Y HIERBAS,"2.036,00"
,,SESAMO BLANCO X KG.,"11.080,00","8.940,00",SEMILLAS,"1.589,00"
,,SESAMO NEGRO X KG,"12.980,00","10.420,00",SEMILLAS,"1.591,00"
,,SHAMPOO DE ROMERO Y ALOE VERA X300 CC - EL AMAUTA,"11.000,00","8.800,00",PALADEAR HOME,"5.005,00"
,,SHAMPOO SOLIDO,"12.000,00","9.489,99",PALADEAR HOME,"5.025,00"
,,SPIRULINA CONCENTRADA NATIER x 50 cápsulas,"24.070,00","22.520,00",SUPLEMENTOS,"2.349,00"
,,SPIRULINA EN POLVO X KG,"46.520,00","37.230,00",SUPLEMENTOS,"2.256,00"
,,"SPIRULINA X 10 COMP. EL NATURALISTA""""","2.900,00","2.480,00",SUPLEMENTOS,"2.081,00"
,,STEVIA HOJAS X KG,"34.160,00","27.330,00",INFUSIONES Y HIERBAS,"2.178,00"
,,"STEVIA LIQUIDA X120 SIN TACC""""","8.220,00","7.010,00","AZUCAR, CACAO Y REPOSTERIA","2.099,00"
,,"STEVIA SOBRES X100 SIN TACC""""","7.190,00","6.140,00","AZUCAR, CACAO Y REPOSTERIA","2.098,00"
,,"SYRUP DE DATILES LYNA""""","17.170,00","15.150,00","AZUCAR, CACAO Y REPOSTERIA","2.439,00"
,,TE DE BURRO X KG,"29.870,00","23.920,00",INFUSIONES Y HIERBAS,"2.035,00"
,,TE NEGRO X KG,"10.520,00","8.430,00",INFUSIONES Y HIERBAS,"1.618,00"
,,TE ROJO X KG,"10.520,00","8.440,00",INFUSIONES Y HIERBAS,"1.619,00"
,,TE VERDE X KG,"10.520,00","8.430,00",INFUSIONES Y HIERBAS,"2.048,00"
,,TETERA CON INFUSOR 550 ml,"21.250,00","18.130,00",PALADEAR HOME,"2.457,00"
,,TETERA CON INFUSOR 750ml,"25.499,99","21.749,99",PALADEAR HOME,"2.458,00"
,,TEXTURIZADO DE SOJA X KG,"4.510,00","3.610,00",HARINAS,"1.621,00"
,,TOFU SOYANA ORGÁNICO 350 g,"11.470,00","10.330,00",PRODUCTOS DE FRIO,"2.327,00"
,,TOMATE CONDIM X 800 GR,"4.840,00","3.900,00",TOMATE TRITURADO,"1.630,00"
,,TOMATE SECOS X KG,"16.580,00","13.300,00",DESHIDRATADOS,"1.632,00"
,,TOMATE TRITURADO X 1 KG,"1.860,00","1.500,00",TOMATE TRITURADO,"1.627,00"
,,TOMATE TRITURADO X 500 GR,"1.520,00","1.230,00",TOMATE TRITURADO,"1.628,00"
,,TOMILLO X KG,"13.390,00","10.720,00",ESPECIAS,"1.633,00"
,,"TOSTADAS RISKY SIN TACC""""","2.040,00","1.740,00",PRODUCTOS SIN TACC,"2.107,00"
,,"TREMELLA EN CAPSULAS SOMOS SETAS""""","31.514,99","24.829,99",SUPLEMENTOS,"2.494,00"
,,"TREMELLA EN POLVO 30 g SOMOS SETAS""""""","27.230,00","23.930,00",SUPLEMENTOS,"2.464,00"
,,"TREMELLA EXTRACTO 60 cc SOMOS SETAS""""","24.430,00","21.470,00",SUPLEMENTOS,"2.465,00"
,,TRIGO BURGOL X KG,"4.640,00","3.710,00",GRANOS Y LEGUMBRES,"1.634,00"
,,TRIGO CANDEAL X KG,"3.780,00","3.030,00",GRANOS Y LEGUMBRES,"2.379,00"
,,TRIGO SARRACENO PELADO X KG,"12.600,00","10.080,00",GRANOS Y LEGUMBRES,"2.367,00"
,,TUTUCAS CON AZUCAR X KG,"6.030,00","4.870,00",CEREALES,"1.635,00"
,,TUTUCAS SIN AZUCAR X KG,"5.760,00","4.630,00",CEREALES,"1.636,00"
,,"VALERIANA BLISTER X 10 COMP. EL NATURALISTA""""","3.150,00","2.640,00",SUPLEMENTOS,"2.175,00"
,,VALERIANA TINTURA MADRE X 60 CC,"7.650,00","6.530,00",SUPLEMENTOS,"2.375,00"
,,VELON BURBUJA,"3.000,00","2.420,00",PALADEAR HOME,"2.405,00"
,,"VERMUTH AQUI Y AHORA"" ""","7.820,00","6.680,00",VINOS,"2.392,00"
,,"VINAGRE DE SIDRA DE MANZANA VERDE VIDA"" X 500 ML""","11.220,00","10.250,00",SUPLEMENTOS,"2.364,00"
,,VINAGRE DE ALCOHOL X 1 L,"1.710,00","1.340,00",ACEITES Y VINAGRES,"1.637,00"
,,VINAGRE DE MANZANA X 1 L,"3.290,00","2.600,00",ACEITES Y VINAGRES,"1.638,00"
,,"VINAGRE DE SIDRA DE MANZANA X 250 ML NATIER""""","15.510,00","13.510,00",SUPLEMENTOS,"2.227,00"
,,"VINAGRE DE SIDRA DE MANZANA X 50 CÁPSULAS NATIER""""","18.130,00","16.960,00",SUPLEMENTOS,"2.052,00"
,,"VINAGRE DE SIDRA DE MANZANA X 500 ML NATIER""""","25.380,00","23.730,00",SUPLEMENTOS,"2.263,00"
,,VINAGRE DE VINO X 1 L,"2.060,00","1.620,00",ACEITES Y VINAGRES,"1.639,00"
,,VITAMINA B12 X 50 NATIER,"22.120,00","20.700,00",SUPLEMENTOS,"2.188,00"
,,"VITAMINA C X 50 CÁPSULAS NATIER""""","25.030,00","23.430,00",SUPLEMENTOS,"2.053,00"
,,"VITAMINA C X 60 COMPRIMIDOS EL NATURALISTA""""","10.400,00","8.190,00",SUPLEMENTOS,"2.311,00"
,,"VITAMINA D3 X 50 UNIDADES NATIER""""","22.110,00","20.690,00",SUPLEMENTOS,2102
,,"VITAMINA E X 10 COMP. EL NATURALISTA""""","3.400,00","2.900,00",SUPLEMENTOS,2083
,,"VITAMINA K2 + D3 X 50 cápsulas NATIER""""","41.510,00","38.840,00",SUPLEMENTOS,2481
,,YERBA DEL PLATERO,"11.160,00","8.950,00",INFUSIONES Y HIERBAS,2033
,,YERBA MATE DESPALADA KALENA X KG,"13.230,00","10.590,00",INFUSIONES Y HIERBAS,2043
,,YOGHURT ANANA X 1 L,"7.120,00","5.710,00",PRODUCTOS DE FRIO,1879
,,YOGHURT C/FRUTAS X 160,"2.320,00","1.890,00",PRODUCTOS DE FRIO,2024
,,YOGHURT DURAZNO X 1 L,"7.120,00","5.710,00",PRODUCTOS DE FRIO,1812
,,YOGHURT FRUTILLA X 1 L,"7.120,00","5.720,00",PRODUCTOS DE FRIO,1811
,,YOGHURT NATURAL AZUCARADO X 1 L,"6.450,00","5.200,00",PRODUCTOS DE FRIO,1809
,,YOGHURT NATURAL SIN AZUCAR X 1 L,"6.450,00","5.200,00",PRODUCTOS DE FRIO,1810
,,"YOGURT PROTEICO YOGURLAC"" X 1L""","10.660,00","8.540,00",PRODUCTOS DE FRIO,1795
,,ZAPALLO EN ALMIBAR X 360GR,"6.440,00","5.660,00",LINEA GOURMET,1656
,,"ZINC EL NATURALISTA""""","10.020,00","8.550,00",SUPLEMENTOS,2079
